type,number,name,filename,url
cousin,,"Olive",assets/cousins/olive.png,https://d1yei2z3i6k35z.cloudfront.net/11602742/67d143d44fcff_01_Olive.png
cousin,,"Braxton",assets/cousins/braxton.png,https://d1yei2z3i6k35z.cloudfront.net/11602742/67d143d44ddbc_02_Braxton.png
cousin,,"Lily",assets/cousins/lily.png,https://d1yei2z3i6k35z.cloudfront.net/11602742/67d143d475064_03_Lilly.png
cousin,,"Laiken",assets/cousins/laiken.png,https://d1yei2z3i6k35z.cloudfront.net/11602742/67d143d4293bb_04_Laiken.png
cousin,,"Alice",assets/cousins/alice.png,https://d1yei2z3i6k35z.cloudfront.net/11602742/67d143d44d8af_05_Alice.png
cousin,,"Joshua",assets/cousins/joshua.png,https://d1yei2z3i6k35z.cloudfront.net/11602742/67d143d42aecf_06_Joshua.png
mem-link,1,"Hat",assets/mem-links/001-hat.png,https://d1yei2z3i6k35z.cloudfront.net/11602742/67d144918b8c2_01Hat.png
mem-link,2,"Hen",assets/mem-links/002-hen.png,https://d1yei2z3i6k35z.cloudfront.net/11602742/67d144919b869_02Hen.png
mem-link,3,"Ham",assets/mem-links/003-ham.png,https://d1yei2z3i6k35z.cloudfront.net/11602742/67d1449197ab3_03Ham.png
mem-link,4,"Hare",assets/mem-links/004-hare.png,https://d1yei2z3i6k35z.cloudfront.net/11602742/67d144919ad1e_04Hare.png
mem-link,5,"Holly",assets/mem-links/005-holly.png,https://d1yei2z3i6k35z.cloudfront.net/11602742/67d14491981ba_05Holly.png
mem-link,6,"Witch",assets/mem-links/006-witch.png,https://d1yei2z3i6k35z.cloudfront.net/11602742/67d144918a341_06Witch.png
mem-link,7,"Kay",assets/mem-links/007-kay.png,https://d1yei2z3i6k35z.cloudfront.net/11602742/67d664f50012c_07Kay.png
mem-link,8,"Hoofy",assets/mem-links/008-hoofy.png,https://d1yei2z3i6k35z.cloudfront.net/11602742/67d1449199383_08hoof.png
mem-link,9,"Hoop",assets/mem-links/009-hoop.png,https://d1yei2z3i6k35z.cloudfront.net/11602742/67d1449196013_09Hoop.png
mem-link,10,"Dice",assets/mem-links/010-dice.png,https://d1yei2z3i6k35z.cloudfront.net/11602742/67d144918b515_10Dice.png
mem-link,11,"Tattoo",assets/mem-links/011-tattoo.png,https://d1yei2z3i6k35z.cloudfront.net/11602742/67d664f4eaa90_11Tattoo.png
mem-link,12,"Tuna",assets/mem-links/012-tuna.png,https://d1yei2z3i6k35z.cloudfront.net/11602742/67d1449192c0e_12Tuna.png
mem-link,14,"Door",assets/mem-links/014-door.png,https://d1yei2z3i6k35z.cloudfront.net/11602742/67d664f4e4fc7_14Door.png
mem-link,15,"Doll",assets/mem-links/015-doll.png,https://d1yei2z3i6k35z.cloudfront.net/11602742/67d144918ff39_15Doll.png
mem-link,16,"Dish",assets/mem-links/016-dish.png,https://d1yei2z3i6k35z.cloudfront.net/11602742/67d1449193f36_16DishRadar.png
mem-link,18,"Dove",assets/mem-links/018-dove.png,https://d1yei2z3i6k35z.cloudfront.net/11602742/67d144918c3e3_18Dove.png
mem-link,20,"Nosey",assets/mem-links/020-nosey.png,https://d1yei2z3i6k35z.cloudfront.net/11602742/67d1449188fa3_20Nosey.png
mem-link,21,"Knight",assets/mem-links/021-knight.png,https://d1yei2z3i6k35z.cloudfront.net/11602742/67d664f4ea62a_21Knight.png
mem-link,22,"Nun",assets/mem-links/022-nun.png,https://d1yei2z3i6k35z.cloudfront.net/11602742/67d664f4e9e73_22Nun.png
mem-link,24,"Winner",assets/mem-links/024-winner.png,https://d1yei2z3i6k35z.cloudfront.net/11602742/67d144919a772_24Winner.png
mem-link,25,"Nellie",assets/mem-links/025-nellie.png,https://d1yei2z3i6k35z.cloudfront.net/11602742/67d144a6af9fc_25Nellie.png
mem-link,27,"Nikki",assets/mem-links/027-nikki.png,https://d1yei2z3i6k35z.cloudfront.net/11602742/67d664f4e5a7b_27Nikki.png
mem-link,28,"Nova",assets/mem-links/028-nova.png,https://d1yei2z3i6k35z.cloudfront.net/11602742/67d664f4f3344_28Nova.png
mem-link,30,"Mice",assets/mem-links/030-mice.png,https://d1yei2z3i6k35z.cloudfront.net/11602742/67d144a6a6115_30Mice.png
mem-link,32,"Manny",assets/mem-links/032-manny.png,https://d1yei2z3i6k35z.cloudfront.net/11602742/67d664f4f3bcd_32Manny.png
mem-link,33,"Mummy",assets/mem-links/033-mummy.png,https://d1yei2z3i6k35z.cloudfront.net/11602742/67d664f4f2453_33Mummy.png
mem-link,35,"Mole",assets/mem-links/035-mole.png,https://d1yei2z3i6k35z.cloudfront.net/11602742/67d664f4e94c6_35Mole.png
mem-link,36,"Mitch",assets/mem-links/036-mitch.png,https://d1yei2z3i6k35z.cloudfront.net/11602742/67d14f13bdeb5_36Mitch.png
mem-link,40,"Rose",assets/mem-links/040-rose.png,https://d1yei2z3i6k35z.cloudfront.net/11602742/67d664f4e4bc4_40Rosecharacter.png
mem-link,42,"Horny",assets/mem-links/042-horny.png,https://d1yei2z3i6k35z.cloudfront.net/11602742/67d664f4efd54_42Horny.png
mem-link,44,"Rower",assets/mem-links/044-rower.png,https://d1yei2z3i6k35z.cloudfront.net/11602742/67d664f4edb6c_44Rower.png
mem-link,45,"Errol",assets/mem-links/045-errol.png,https://d1yei2z3i6k35z.cloudfront.net/11602742/67d664f4e7bcb_45Errol.png
mem-link,48,"Ruffo",assets/mem-links/048-ruffo.png,https://d1yei2z3i6k35z.cloudfront.net/11602742/67d664f4bce02_48Ruffo.png
mem-link,49,"Ruby",assets/mem-links/049-ruby.png,https://d1yei2z3i6k35z.cloudfront.net/11602742/67d66540159fa_49RubyCharacter.png
mem-link,50,"Lizzie",assets/mem-links/050-lizzie.png,https://d1yei2z3i6k35z.cloudfront.net/11602742/67d665401e634_50Lizzie.png
mem-link,54,"Lorry",assets/mem-links/054-lorry.png,https://d1yei2z3i6k35z.cloudfront.net/11602742/67d665401baed_54Lorry.png
mem-link,55,"Lollie",assets/mem-links/055-lollie.png,https://d1yei2z3i6k35z.cloudfront.net/11602742/67d6653fdfe15_55Lollie.png
mem-link,56,"Welsh",assets/mem-links/056-welsh.png,https://d1yei2z3i6k35z.cloudfront.net/11602742/67d6654015876_56Welsh.png
mem-link,60,"Shoes",assets/mem-links/060-shoes.png,https://d1yei2z3i6k35z.cloudfront.net/11602742/67d66540140ad_60Shoes.png
mem-link,63,"Jimmy",assets/mem-links/063-jimmy.png,https://d1yei2z3i6k35z.cloudfront.net/11602742/67d6654016191_63Jimmy.png
mem-link,64,"Jerry",assets/mem-links/064-jerry.png,https://d1yei2z3i6k35z.cloudfront.net/11602742/67d665401812d_64Jerry.png
mem-link,66,"Judge",assets/mem-links/066-judge.png,https://d1yei2z3i6k35z.cloudfront.net/11602742/67d66540163c2_66Judge.png
mem-link,70,"Casey",assets/mem-links/070-casey.png,https://d1yei2z3i6k35z.cloudfront.net/11602742/67d6654011164_70Casey.png
mem-link,72,"Queen",assets/mem-links/072-queen.png,https://d1yei2z3i6k35z.cloudfront.net/11602742/67d665400e945_72Queen.png
mem-link,77,"Cake",assets/mem-links/077-cake.png,https://d1yei2z3i6k35z.cloudfront.net/11602742/67d665400b603_77Cake.png
mem-link,80,"Face",assets/mem-links/080-face.png,https://d1yei2z3i6k35z.cloudfront.net/11602742/67d665400dd17_80Face.png
mem-link,81,"Foot",assets/mem-links/081-foot.png,https://d1yei2z3i6k35z.cloudfront.net/11602742/67d665400bc8e_81Foot.png
mem-link,84,"Furry",assets/mem-links/084-furry.png,https://d1yei2z3i6k35z.cloudfront.net/11602742/67d665400a9da_84Fury.png
mem-link,88,"Fifi",assets/mem-links/088-fifi.png,https://d1yei2z3i6k35z.cloudfront.net/11602742/67d6656f9c7da_88FifiPoodle.png
mem-link,90,"Bus",assets/mem-links/090-bus.png,https://d1yei2z3i6k35z.cloudfront.net/11602742/67d6656f98d22_90Bus.png
mem-link,96,"Patch",assets/mem-links/096-patch.png,https://d1yei2z3i6k35z.cloudfront.net/11602742/67d6721c66f3e_96Patch.png
mem-link,99,"Poppy",assets/mem-links/099-poppy.png,https://d1yei2z3i6k35z.cloudfront.net/11602742/67d6656f9ca88_99PoppySailor.png
mem-link,100,"Daisies",assets/mem-links/100-daisies.png,https://d1yei2z3i6k35z.cloudfront.net/11602742/67d6656f8e33d_100Daisies.png
mem-link,108,"Adhesive",assets/mem-links/108-adhesive.png,https://d1yei2z3i6k35z.cloudfront.net/11602742/67d6656f8f048_108Adhesive.png
mem-link,110,"Toads",assets/mem-links/110-toads.png,https://d1yei2z3i6k35z.cloudfront.net/11602742/67d6656f9bde6_110Toads.png
mem-link,120,"Twins",assets/mem-links/120-twins.png,https://d1yei2z3i6k35z.cloudfront.net/11602742/67d6656f92b9c_120Twins.png
mem-link,121,"Donut",assets/mem-links/121-donut.png,https://d1yei2z3i6k35z.cloudfront.net/11602742/67d6656f6acc2_121Donut.png
mem-link,132,"Domino",assets/mem-links/132-domino.png,https://d1yei2z3i6k35z.cloudfront.net/11602742/67d6656f9d4a8_132Domino.png
mem-link,144,"Dryer",assets/mem-links/144-dryer.png,https://d1yei2z3i6k35z.cloudfront.net/11602742/67d6656f8dd33_144Dryer.png
